Country,year,GDP_Growth,Total_Uemp_Nat,Uemp_Male,Uemp_Female,Youth_Uemp_M,Youth_Uemp_F,Pop_Growth,Remit_GDP,Edu_Spend,Gov_Consump,Lab_Force,LFPR,Internet_Users,HighTech_Exp,FDI,Private_Credit,Real_Interest,Energy_Imp,Edu_Tertiary,Life_Exp,Inflation
Jordan,1960,,,,,,,,,,,,,,,,,,,,52.678,
Jordan,1961,,,,,,,5.040294406,,,,,40.63,,,,,,,,53.68,
Jordan,1962,,,,,,,4.675455538,,,,,,,,,,,,,54.633,
Jordan,1963,,,,,,,4.588218032,,,,,,,,,,,,,55.489,
Jordan,1964,,,,,,,5.04236284,,,,,,,,,,,,,56.456,
Jordan,1965,,,,,,,5.978136616,,,,,,,,,14.77217554,,,,57.317,
Jordan,1966,,,,,,,6.932268199,,,,,,,,,15.82808511,,,,57.762,
Jordan,1967,,,,,,,7.58243217,,,,,,,,,16.34618794,,,,58.97,
Jordan,1968,,,,,,,7.665678712,,,,,,,,,19.12125749,,,,59.767,
Jordan,1969,,,,,,,7.076427376,,,,,,,,,17.4150641,,,,60.504,5.899999999
Jordan,1970,,,,,,,6.062094808,,3.63003993,,,,,,,19.09544658,,,,59.833,4.815864024
Jordan,1971,,,,,,,4.983855431,,3.297689915,,,,,,,18.49587118,,,,61.772,7.657657658
Jordan,1972,,,,,,,4.13250455,2.627839212,2.387429953,,,,,,0.071022677,17.00958807,,,,62.477,11.12970711
Jordan,1973,,,,,,,3.638843236,4.740408379,2.486939907,,,,,,0.225733725,19.12641084,,,,63.065,19.42771084
Jordan,1974,,,,,,,3.377890347,6.248385855,3.557689905,,,,,,0.570392088,20.81436349,,,,63.611,11.97982346
Jordan,1975,,,,,,,3.203548647,12.22758754,3.763479948,,,41.36,,,1.881167372,26.5242028,,,,64.148,11.5
Jordan,1976,,,,,,,3.065754437,24.04793157,3.534559965,33.51551481,,,,,-0.440761195,31.24894217,,,,64.654,14.56651719
Jordan,1977,8.298408854,,,,,,3.058939153,22.40131276,3.679899931,27.11471611,,,,,0.535594803,28.48710892,,,,65.127,6.9215213
Jordan,1978,14.67956602,,,,,,3.149143727,20.00517865,3.681629896,29.47315478,,,,,2.168592775,39.45140199,,,,65.602,14.24649176
Jordan,1979,20.80290926,,,,,,3.317702824,18.36996065,5.081729889,34.31043257,,43.08,,,0.806117202,45.19206107,,,,66.049,11.11111111
Jordan,1980,11.18484646,,,,,,3.660516048,20.30309974,,29.20422354,,,,,0.865224007,46.49703837,,,,66.493,7.7
Jordan,1981,17.17871744,,,,,,4.0065424,23.56191408,5.167679787,31.50628193,,,,,3.212033482,47.61390308,,,,66.92,7.428040854
Jordan,1982,7.025943387,,6.6,,,,4.26834681,23.11961537,5.088540077,28.9618811,,,,,1.26957885,51.08690382,,,,67.36,5.020167098
Jordan,1983,-2.219738554,,,,,,4.447743436,22.54979657,4.927959919,26.49725736,,,,,0.708531657,55.59588044,,,,67.778,3.847472738
Jordan,1984,4.291687765,,,,,,4.52238513,24.89709981,5.936950207,27.99392575,,,,,1.560002077,59.35644342,,,,68.206,2.985074627
Jordan,1985,-2.706947164,,13.3,,,,4.569564484,20.46974241,,26.98162996,,,,,0.499617908,60.55998173,,,,68.587,
Jordan,1986,5.504634242,,14.8,,,,4.609147031,18.49125465,3.284359932,25.2845347,,,,,0.355420633,57.64400803,,,,68.962,-0.2
Jordan,1987,2.323274377,,,,,,4.625130306,13.88281478,3.29666996,25.65706039,,,,,0.584626431,59.03292955,,,,69.297,6.613226453
Jordan,1988,1.462169817,,,,,,4.6607576,14.25706532,4.047500134,25.71927137,,,,,0.378047444,62.20403473,,,,69.605,25.7127193
Jordan,1989,-10.72921928,,,,,,4.787586848,14.85466368,5.643539906,25.51226551,,,,,-0.031975499,64.52335601,,,,69.865,16.19213756
Jordan,1990,-0.275903908,,,,,,7.815196245,12.00136028,,24.04476477,784076,,0,,0.904951524,62.15385173,,,,70.094,8.155495979
Jordan,1991,1.608531073,21.439,,32.183,,59.329,7.785242866,10.30980503,,25.08451657,880594,,,,-0.27362154,62.23718729,,93.07110289,,70.24,3.995835606
Jordan,1992,14.34977606,19.947,19.7,30.3,,57.78,5.286526779,15.88563557,,21.89785065,939578,,,,0.766783017,55.77487259,,101.4581985,,70.4,3.316666667
Jordan,1993,4.48698978,19.7,,30.003,,58.327,5.200191381,18.55290352,,22.08577901,1003860,,,,-0.59839699,60.51251158,,101.9832562,,70.568,3.516696241
Jordan,1994,4.9714767,16.894,14.6,29.65,,58.721,4.791034027,17.54091409,,22.61951208,1064262,,,,0.045776079,64.35154798,,,,70.738,2.353124513
Jordan,1995,6.200874444,14.6,13.7,30.103,,60.502,4.095487454,18.49091915,,23.57095892,1114806,,0.0232,,0.197813412,68.70046875,,,,70.915,6.501218027
Jordan,1996,2.087020782,13.7,,24.371,,49.486,3.320045031,22.29008877,7.476910114,24.51543285,1155940,,0.0449,,0.223959606,69.19964981,,102.3416656,,71.105,3.037884203
Jordan,1997,3.308475383,13.74,,23.665,,48.551,2.686609482,22.8427384,6.364820004,25.54843984,1187549,,0.599,,4.981215814,69.8225527,10.95795268,98.49874189,,71.324,3.091666667
Jordan,1998,3.01217269,13.841,,23.03,,47.674,2.311413859,19.49802132,,24.36807016,1215637,,1.31,,3.918143249,68.95810902,6.230650638,102.3908199,,71.521,0.606256568
Jordan,1999,3.389530794,13.763,13.7,22.141,,46.308,2.148591838,20.41776993,4.943669796,23.99840784,1243653,,2.53,,1.938286347,71.18257965,12.74661342,100.4049394,,71.737,0.666880926
Jordan,2000,4.245711921,13.7,14.7,21.272,,44.966,2.072604791,21.80805841,,23.698468,1272412,39.4,2.62328,,10.79400537,71.8672379,12.26379235,97.98741397,,71.926,1.772204374
Jordan,2001,5.269957575,14.7,15.3,20.598,,43.816,2.056854723,22.40837366,,22.91748511,1284269,38.8,4.70572,,3.048505142,75.49381649,10.08388381,101.0352624,,72.141,1.83299389
Jordan,2002,5.783807927,15.3,14.5,22.111,,47.266,2.108443768,22.27995754,,22.69060936,1304262,38.4,6.02553,,2.486017341,72.52575802,9.169880498,,32.27840042,72.359,1.63
Jordan,2003,4.161667555,14.5,,20.921,,44.652,2.214620774,21.58894407,,23.18535836,1305437,37.4,8.46601,,5.364726714,70.59360604,6.999114167,100.3508837,36.05582047,72.585,3.361868215
Jordan,2004,8.567214242,14.626,14.8,23.532,,51.194,2.412958417,20.04474162,,21.2967655,1361612,,11.6587,,8.209222707,74.47255559,5.006628047,,40.46783066,72.788,3.493685346
Jordan,2005,8.146594811,14.8,14,26.167,,57.987,2.477130681,19.23007977,,19.5303397,1421908,38.3,12.9329,,15.76364614,87.88787308,5.490036198,104.6874106,39.70748901,72.977,6.251724667
Jordan,2006,8.092975278,14,13.1,25.337,,56.265,6.388707243,18.55574498,,20.63903929,1503278,37.7,13.8671,,23.53729134,91.60275025,-2.233285551,100.8133594,37.86640167,73.225,4.74390639
Jordan,2007,8.176169952,13.1,12.7,25.934,,59.328,6.035299827,19.4406271,,20.60290323,1699178,39.8,20,1.13353507,15.32482626,91.48516647,3.453389478,101.6752483,38.73384094,73.407,13.971231
Jordan,2008,7.220386373,12.7,12.9,24.775,,57.014,2.354279761,15.49143519,,18.37670225,1740167,39.5,23,0.917231129,12.4753075,78.31646771,-11.80766163,101.4514887,41.36846924,73.563,-0.739069743
Jordan,2009,5.023710073,12.9,12.5,24.481,,57.017,2.149687861,14.12188757,,20.92195268,1818880,40.1,26,1.413917469,9.834178745,73.21093484,5.898580861,100.5879772,42.0630188,73.707,4.845518759
Jordan,2010,2.314834221,12.5,12.9,21.91,,50.867,2.151093317,13.3521924,3.16850989,19.24733874,1844829,39.5,27.2,2.862053244,6.22247567,71.15634201,0.875955637,103.1968123,37.75813375,73.797,4.162441629
Jordan,2011,2.737179886,12.9,12.2,21.352,,49.544,2.482027727,12.47773015,3.599005806,20.06473965,1881260,39,34.9,2.550583866,5.033358727,71.73254147,2.646406244,97.08793661,37.42163863,73.929,4.515229567
Jordan,2012,2.429358001,12.2,12.6,20.125,,46.491,1.41635205,12.16489072,3.637160085,19.11352189,1872113,38,37,2.367792928,4.894806887,71.19989481,3.9901971,103.4462507,43.91614641,74.087,4.824623143
Jordan,2013,2.609947375,12.6,11.9,22.314,,51.357,5.196414679,15.50690384,3.78372228,18.26457699,1931174,37.1,41.4,1.68597467,5.649771687,70.44289249,2.700469426,98.2216878,,74.282,2.89947905
Jordan,2014,3.384078099,11.9,13.075,20.879,,47.753,9.539208986,17.28663681,3.766924087,18.22120457,2081895,36.4,46.2,1.80671197,5.912048902,66.57819448,5.360006858,102.3935114,,74.606,-0.87685136
Jordan,2015,2.496528793,13.075,15.275,22.759,30.9,52.999,8.217983292,13.86038661,3.712721334,17.82326069,2343249,,54.22,2.577043113,4.147202292,66.6263107,6.172976266,101.5026494,36.62842788,75.06,-0.778430463
Jordan,2016,1.994180849,15.275,18.12,24.082,35.625,53.9,4.723252544,10.96607703,3.452820063,17.25056419,2553453,,56.15,3.37782668,3.892851429,70.87225408,6.662253029,101.2561044,34.06126356,75.55,3.323894476
Jordan,2017,2.473598154,18.12,18.257,27.336,35.244,48.944,2.2516003,10.65161844,3.213059902,16.94537194,2712693,40.226,64.5,1.812819426,4.878141332,74.41549707,6.49396019,98.86165827,28.6210571,76.071,4.462311085
Jordan,2018,1.919070913,18.257,16.801,24.099,38.868,49.018,2.204129984,10.3110055,2.954619884,16.74389605,2717015,39.176,65.2,1.508584807,2.201776866,75.54723747,6.246631014,96.99878659,31.55629855,76.491,0.761514047
Jordan,2019,1.751240779,16.801,19.213,23.993,37.315,48.79,1.983438225,10.25567682,2.988460064,16.37173776,2794037,39.242,70.0847,1.36854381,1.639705651,76.82734853,7.755163184,98.83074479,30.11084039,76.865,0.333294351
Jordan,2020,-1.102751883,19.213,19.837,25.348,42.959,53.105,1.795432282,11.02771781,3.55303484,16.54995644,2914902,39.947,78.4178,1.543878589,1.739759783,83.06197803,8.247864681,93.20410683,30.28796656,75.583,1.346093772
Jordan,2021,3.65564359,19.837,18.2,26.175,43.738,54.052,1.834191627,10.9558098,3.138370037,15.8410812,2893220,38.67,86,1.713679703,1.34316062,81.89445645,4.708472871,92.33467411,30.45131427,74.204,4.229155689
Jordan,2022,2.647435149,18.2,16.62,26.868,41.917,47.743,1.701517028,9.785656546,3.153000116,,2957476,38.555,90.5,1.449688267,1.973825354,84.15688321,4.631106983,96.35232793,32.51198298,77.088,2.084869863
Jordan,2023,2.884083393,16.62,,23.072,39.233,39.858,1.612250502,8.534214196,3.514863156,,3156548,40.123,92.5344,2.084159854,3.927183138,81.73570601,6.998599995,,33.0567037,77.814,1.556596113
Jordan,2024,2.488894096,16.693,,23.136,,40.009,0.988722042,8.305410687,,,3204396,,,,3.063875797,80.07285935,6.459158074,,35.91840011,,
Jordan,2025,,16.535,,23.339,,41.756,,,,,3220931,,,,,,,,,,
Egypt,1960,,,,,,,,,,15.57209175,,46.52,,,,16.930639,,,,44.436,44.436
Egypt,1961,5.161114143,,,,,,2.585292258,,,16.34934833,,,,,,16.63046256,,,,45.146,45.146
Egypt,1962,3.875616724,,,,,,2.632052155,,,15.13814862,,,,,,17.11082522,,,,45.844,45.844
Egypt,1963,10.51809262,,,,,,2.628988935,,,17.47871464,,,,,,16.918429,,,,46.493,46.493
Egypt,1964,11.50757747,,,,,,2.602497032,,,19.62393162,,,,,,15.78021978,,,,47.075,47.075
Egypt,1965,4.914042292,,,,,,2.54692638,,,19.03774001,,,,,,14.67667182,,,,47.577,47.577
Egypt,1966,5.046403712,,,,,,2.506322987,,,19.70719339,,43,,,,13.40530814,,,,47.988,47.988
Egypt,1967,0.805264127,,,,,,2.483721936,,,19.26779233,,,,,,12.59665457,,,,48.13,48.13
Egypt,1968,-1.60679235,,,,,,2.460321809,,,22.15045293,,,,,,14.15911776,,,,48.602,48.602
Egypt,1969,5.279517514,,,,,,2.434776174,,,23.92191791,,,,,,14.7405923,,,,48.7,48.7
Egypt,1970,5.598515039,2.4,,,,,2.37424119,,,22.29822589,,,,,0.008455397,11.90967016,,,,49,49
Egypt,1971,4.057346327,1.82,,,,,2.310718064,,4.529920101,24.33273099,,,,,0.026831502,12.3559558,,,7.207429886,49.48,49.48
Egypt,1972,3.055680625,1.53,,,,,2.30151178,,4.537899971,25.74573962,,,,,0.000322593,11.82063329,,,7.869269848,49.908,49.908
Egypt,1973,3.506830162,1.71,,,,,2.300294264,,,24.38078559,,40.51,,,0.006931699,10.26770078,,,8.841859818,50.098,50.098
Egypt,1974,1.558938572,2.3,,,,,2.311556864,,5.226669788,25.15365046,,,,,0.001408609,13.21731691,,,9.827190399,51.044,51.044
Egypt,1975,8.939147159,2.57,,,,,2.357217792,,4.892429829,25.32883579,,40.74,,,0.068774733,16.60008292,,,11.07194996,51.734,51.734
Egypt,1976,13.27968944,,,,,,2.339549085,,4.943429947,23.43763983,,43.87,,,0.458095934,17.10169138,-3.167914566,,12.67531013,52.484,52.484
Egypt,1977,9.003044267,3.13,,,,,2.367283635,6.441757799,4.549580097,20.66773042,,42.91,,,0.727581477,18.71764577,-3.119680241,,14.61917019,53.272,53.272
Egypt,1978,8.628767645,3.64,,,,,2.454510099,11.97226862,4.941120148,18.83968966,,43.4,,,2.148072469,18.32074352,0.565092117,,15.35595036,54.075,54.075
Egypt,1979,4.547689628,4.55,,,,,2.500003132,12.28358125,,16.20449645,,40.94,,,6.749429233,18.99575089,-9.311642226,,15.53427029,54.876,54.876
Egypt,1980,10.01132904,5.18,,,,,2.608877958,12.44121562,4.280320168,15.66951529,,40.77,,,2.53017092,13.93637654,0.802685992,,15.99577045,55.673,55.673
Egypt,1981,7.348553896,4.97,,,,,2.68667729,9.852047298,,17.33930784,,27.77,,,3.399750059,25.89510827,17.58479047,,16.92823029,56.454,56.454
Egypt,1982,9.907171134,5.21,,,,,2.753468192,8.819843122,5.608300209,15.96054507,,27.35,,,1.061542574,24.7087638,-7.801484774,,17.93499947,57.219,57.219
Egypt,1983,5.09440684,6.47,,,,,2.927764609,11.83823803,5.221489906,15.78947368,,47.48,,,1.582368423,25.8481203,2.030075188,,18.54697037,57.967,57.967
Egypt,1984,9.745762712,5.89,,,,,3.011411213,11.66492688,,15.50632911,,47.24,,,2.146356602,26.21582278,6.238065866,,19.09259987,58.697,58.697
Egypt,1985,5.791505791,,,,,,2.976014283,8.223883058,,15.28150134,,,,,3.015277403,27.19865952,3.068721728,,17.85722923,59.405,59.405
Egypt,1986,4.744525547,,,,,,2.858770448,6.074981126,,14.73922902,,44.4,,,2.951091027,29.22426304,1.882458579,,17.7684803,60.085,60.085
Egypt,1987,3.832752613,,,,,,2.773373591,8.909234225,,14.36893204,,,,,2.342602497,28.89514563,3.435567132,,17.88468933,60.736,60.736
Egypt,1988,5.461320496,,,,,,2.780294069,10.77632381,4.525219917,13.96103977,,,,,3.401931818,28.13327922,3.158634196,,17.41287041,61.358,61.358
Egypt,1989,4.920868604,7.06,,,,,2.722212463,8.284107597,4.600059986,12.59740221,,51.25,,,3.144613176,26.53012987,-0.674911055,,14.77373028,61.949,61.949
Egypt,1990,5.667029157,8.43,,,,,2.929609448,9.966515136,,11.37787056,16098397,50.38,0,,1.707814196,25.5256785,1.067535299,-61.76088778,13.5156498,62.513,62.513
Egypt,1991,1.125404595,9.38,,21.089,,42.751,2.756975161,10.84309867,,11.11111111,16639933,46.72,,,0.676690667,22.05863111,3.204638796,-61.84437197,11.17294979,63.059,63.059
Egypt,1992,4.472859184,8.92,,17.064,,35.683,2.3894925,14.58333803,4.050670147,10.42415528,17287797,47.19,,,1.096617326,22.27045291,1.67092489,-66.23994097,,63.585,63.585
Egypt,1993,2.9007908,10.92,,22.394,,47.051,2.30727793,12.16008247,4.197700024,10.30927835,18050843,47.89,0.000976,,1.058425258,23.76578608,9.101241384,-65.83608592,,64.147,64.147
Egypt,1994,3.97317218,10.93,,22.842,,48.442,2.154005171,7.075419429,4.583759785,10.28571429,18936961,48.88,0.00638,,2.420132571,27.90365714,7.435419401,-67.70447128,,64.663,64.663
Egypt,1995,4.642458772,11.04,,23.746,,50.154,2.10420542,5.362434314,4.604000092,10.53921569,19086778,47.92,0.0313,,0.994028431,32.73382353,4.552157631,-60.06157378,,65.214,65.214
Egypt,1996,4.988730565,9,,18.56,,39.317,2.073361963,4.594134263,4.671569824,10.37489102,19361060,46.6,0.0615,,0.940414996,36.53439407,7.913220488,-46.31347736,,65.733,65.733
Egypt,1997,5.492354743,8.37,,19.811,,42.058,2.072559343,4.713362166,,11.32004513,19639085,,0.0905,,1.135375893,39.69360662,3.563452758,-38.20169525,,66.207,66.207
Egypt,1998,5.575497461,8.03,,19.633,23.11,41.714,2.184807595,3.972707029,,11.30828114,19954542,46,0.148,,1.268437022,46.55501044,10.39189892,-30.31021794,,66.635,66.635
Egypt,1999,6.053438785,7.95,,19.111,20.38,35.744,2.230564166,3.566613231,,11.60598179,21254606,47.52,0.29,,1.174392815,52.00182055,11.9358224,-31.28071334,28.60166931,67.01,67.01
Egypt,2000,6.37000383,8.98,,22.844,,45.947,2.160919785,2.856612173,,11.20258747,21302020,29.6,0.641265,,1.236997207,51.95327845,8.919600974,-23.17158633,,67.332,67.332
Egypt,2001,3.535251974,9.26,,21.838,27.7,47.026,2.123803623,3.011233343,,11.31865068,21324246,44.93,0.838946,,0.527384723,54.93114023,11.21451338,-17.8384305,27.89225006,67.612,67.612
Egypt,2002,2.390204026,10.01,,24.078,27.1,36.871,2.103723597,3.397808129,,12.58907363,21097168,43.19,2.72,,0.759753233,54.6553972,10.30003194,-19.27493098,28.91823959,67.846,67.846
Egypt,2003,3.193454737,10.91,,23.403,,39.079,2.09545323,3.687827545,4.945630074,12.67065868,22178983,,4.03789,,0.295683832,53.89762874,6.327025948,-19.3177818,26.02450943,68.045,68.045
Egypt,2004,4.092071611,10.32,,26.429,,48.304,2.064377349,4.240410468,4.6707201,12.75499691,23289758,,11.92,,1.590836184,54.04291428,1.526903429,-11.46463767,27.28620911,68.211,68.211
Egypt,2005,4.471744472,11.049,,24.602,,49.268,2.022209527,5.595896713,4.794429779,12.73909006,24412249,49.52,12.75,,5.995515989,51.16543405,6.523640992,-22.48734184,28.41270065,68.355,68.355
Egypt,2006,6.843838194,10.49,,23.786,29.87,52.275,1.952913423,4.961085478,4.001780033,12.28751821,25528081,46.97,13.66,,9.348567266,49.29097974,4.880796718,-20.93662669,28.36959076,68.493,68.493
Egypt,2007,7.087827427,8.8,,18.283,24.8,44.436,1.887532171,5.869309613,3.68460989,11.33190118,26632069,47.93,16.03,,8.876336063,45.51522157,-0.077628595,-19.3303598,28.83992004,68.627,68.627
Egypt,2008,7.156283566,8.517,,18.726,25.036,48.857,1.867404133,5.339698492,3.760829926,10.88777219,26970086,47.551,18.01,1.05467692,5.831412619,42.79751378,0.107853155,-21.07993372,28.68610954,68.761,68.761
Egypt,2009,4.6735998,9.087,,22.187,24.783,50.222,1.888365224,3.779917098,,11.35098829,27711440,47.902,20,0.854871974,3.54835118,36.09271335,0.71003632,-16.96540675,29.26931,68.915,68.915
Egypt,2010,5.147234858,8.757,,21.941,24.307,52.248,1.917951241,5.686771175,,11.1636002,29112224,49.368,21.6,0.953019871,2.916016576,33.07229522,0.818721618,-15.282542,30.07273837,69.078,69.078
Egypt,2011,1.764571949,11.849,,22.317,29.3,50.426,2.104460762,6.069884254,,11.45066005,29381900,48.785,25.6,0.991983727,-0.204542849,31.15492329,-0.563878053,-9.091676796,25.59018209,69.232,69.232
Egypt,2012,2.226199799,12.597,,23.911,34.431,53.724,2.244757955,6.891885114,,11.17812145,29870854,48.494,26.4,0.616321015,1.002340718,27.38844973,-6.262719502,-3.823938022,26.22715663,69.464,69.464
Egypt,2013,2.185466054,13.154,,24.091,34.109,49.016,2.305263643,6.182729252,,11.35239733,30519334,48.436,29.4,0.534837648,1.453434208,26.2224395,3.292157153,0.751073874,28.3479817,69.632,69.632
Egypt,2014,2.91591188,13.105,,23.915,32.235,45.236,2.276439566,6.404022911,,11.84976526,30992087,48.117,33.8946,1.252666023,1.509250423,25.60668054,0.414129139,8.090144841,29.11343256,69.911,69.911
Egypt,2015,4.372019078,13.052,,24.68,31.559,39.872,2.098925548,5.56383109,,11.75989198,30851683,46.978,37.8194,0.795057682,2.102581284,26.31639376,1.54106846,12.86111456,32.88489914,70.135,70.135
Egypt,2016,4.346643456,12.45,,23.507,30.88,40.554,2.034682949,5.592077951,,11.42688418,31224055,46.63,41.2481,0.504375385,2.438562781,34.13486263,6.922011355,19.05398979,31.8731308,70.437,70.437
Egypt,2017,4.181221,11.767,,22.824,29.605,40.013,1.998178439,9.960188408,,9.579036626,30714881,44.95,44.9502,0.565232576,2.983015509,27.06982467,-8.758194081,14.12995204,33.10188929,70.709,70.709
Egypt,2018,5.331108619,9.855,,21.333,24.807,52.799,1.897138318,9.716985749,,7.942222794,30208878,43.299,46.9243,0.862813543,3.100400776,24.29527907,-2.358703013,4.995734589,36.1230011,70.974,70.974
Egypt,2019,5.552093072,7.851,,21.312,19.256,51.834,1.754974382,8.403884632,,7.285561115,30072045,42.199,57.2829,2.345265841,2.82732945,22.8487309,2.199095783,-0.531033982,33.62282589,71.213,71.213
Egypt,2020,3.550164838,7.974,,17.631,17.436,46.054,1.62495387,7.712747245,,7.53990183,30264331,41.616,71.9142,2.554901061,1.52462949,25.78947425,4.88781543,-0.068294372,38.77399826,69.79,69.79
Egypt,2021,3.290646012,7.441,,15.924,17.619,42.743,1.490805391,7.414432171,,7.558043553,31865548,42.987,72.056,3.170819271,1.206178611,28.23075439,4.366206699,1.635210372,35.11853178,68.976,68.976
Egypt,2022,6.587845609,7.344,,14.454,18.871,35.751,1.486096975,5.942933503,,7.268090532,32394044,42.837,72.1981,3.402049875,2.39118081,30.84700212,0.142669652,9.785106845,36.46223068,71.01,71.01
Egypt,2023,3.760280523,6.753,,15.166,16.912,36.589,1.688341269,4.933269422,,6.788506607,34567534,44.669,72.6899,3.162868784,2.485463984,29.25782154,-5.6416624,20.25637858,37.90055847,71.633,71.633
Egypt,2024,2.399169268,5.945,,15.282,15.254,36.834,1.733242053,7.597570236,,6.270319882,35343331,47.955,,3.812900878,11.97193509,27.56922797,-7.030990941,,37.57812745,,
Egypt,2025,,,,15.307,,38.711,,,,,36106369,,,,,,,,38.03983465,,
Lebanon,1960,,,,,,,,,,,,,,,,,,,,63.927,
Lebanon,1961,,,,,,,3.055699551,,,,,,,,,,,,,64.267,
Lebanon,1962,,,,,,,3.165123177,,,,,,,,,,,,,64.595,
Lebanon,1963,,,,,,,3.131166074,,,,,,,,,,,,,64.879,
Lebanon,1964,,,,,,,3.010930899,,,,,,,,,,,,,65.103,
Lebanon,1965,,,,,,,2.830133438,,,,,,,,,,,,,65.317,
Lebanon,1966,,,,,,,2.80536328,,,,,,,,,,,,,65.504,
Lebanon,1967,,,,,,,2.685402278,,,,,,,,,,,,,65.677,
Lebanon,1968,,,,,,,2.666631519,,,,,,,,,,,,,65.802,
Lebanon,1969,,,,,,,2.689927638,,,,,,,,,,,,,65.918,
Lebanon,1970,,,,,,,2.458827474,,,,,,,,,,,,,66.018,
Lebanon,1971,,,,,,,2.491630064,,,,,,,,,,,,18.58555031,66.12,
Lebanon,1972,,,,,,,2.559237731,,,,,,,,,,,,18.00131035,66.201,
Lebanon,1973,,,,,,,2.487249145,,,,,,,,,,,,,66.298,
Lebanon,1974,,,,,,,2.390611762,,,,,,,,,,,,,66.41,
Lebanon,1975,,,,,,,2.177334768,,,,,44.57,,,,,,,20.43754959,57.744,
Lebanon,1976,,,,,,,1.22806295,,,,,,,,,,,,,36.436,
Lebanon,1977,,,,,,,1.300380674,,,,,,,,,,,,,60.331,
Lebanon,1978,,,,,,,2.167632464,,,,,,,,,,,,,59.996,
Lebanon,1979,,,,,,,2.10173096,,,,,,,,,,,,25.99753952,59.557,
Lebanon,1980,,,,,,,2.132353207,,,,,,,,,,,,27.41390038,59.909,
Lebanon,1981,,,,,,,2.157314475,,,,,,,,,,,,24.80798912,60.279,
Lebanon,1982,,,,,,,1.515552321,,,,,,,,,,,,21.53601074,47.19,
Lebanon,1983,,,,,,,1.302960728,,,,,,,,,,,,22.14731026,60.752,
Lebanon,1984,,,,,,,1.848657102,,,,,,,,,,,,,61.167,
Lebanon,1985,,,,,,,2.029293576,,,,,,,,,,,,20.89543915,61.574,
Lebanon,1986,,,,,,,2.546694791,,,,,,,,,,,,23.34705925,62.011,
Lebanon,1987,,,,,,,2.548478315,,,,,,,,,,,,24.22208023,62.539,
Lebanon,1988,,,,,,,2.02030086,,,,,,,,-0.008148385,54.45870198,,,,62.92,
Lebanon,1989,-42.45111822,,,,,,2.02404239,,,18.07407325,,,,,0.058498924,65.0442198,-19.15344956,,,65.114,
Lebanon,1990,26.53316009,,,,,,1.963138465,,,18.87233459,1020303,,0,,0.227233866,78.47232855,21.16039869,,,65.479,
Lebanon,1991,49.44737918,,,10.553,,18.74,2.030249164,,,14.00122446,1044534,,,,0.034751722,45.27400464,-6.531972114,,,70.865,
Lebanon,1992,16.4383457,,,10.181,,18.531,2.11593671,,,14.00122446,1066878,,,,0.315902283,47.99815666,-28.9859086,,23.67547989,71.169,
Lebanon,1993,10.7656698,,,10.172,,18.746,1.936525255,,1.66652,11.97052996,1091000,,,,0.09317852,42.64739299,3.034490896,,,71.559,
Lebanon,1994,8.105241977,,,10.256,,19.061,1.793770534,,1.93125999,12.58266787,1116017,,,,0.235021371,48.36343645,14.84184474,,,72.03,
Lebanon,1995,6.44886257,,,10.346,,19.365,1.807212876,,2.224630117,12.37334761,1143512,,0.0716,,0.298665506,54.31329254,12.65987862,,,72.383,
Lebanon,1996,11.28593572,,,10.328,,19.528,1.852241105,,2.084670067,14.37179491,1170050,,0.14,,0.584358875,58.97421798,23.06925464,,21.6194706,72.614,
Lebanon,1997,1.054966667,8.62,,10.524,,19.933,1.808285017,,,17.03917526,1202800,46.8,1.24,,11.42467711,63.71670103,7.838176764,,,72.94,
Lebanon,1998,3.665723785,,,10.437,,19.861,1.758278359,,,16.6966232,1234245,,2.72,,6.580224625,71.44257907,,,,73.201,
Lebanon,1999,-0.525584635,,,10.602,,20.114,1.754220087,,,16.94314152,1269194,,5.38,,5.012211573,80.06063379,18.51498374,,28.09185982,73.513,
Lebanon,2000,1.34187162,,,10.426,,19.881,1.725524567,,,17.26748655,1302966,,7.95274,,5.75581692,85.48501153,20.67041118,,28.1094799,73.895,
Lebanon,2001,3.839669277,,,10.25,,19.66,1.662524958,,2.841480017,17.596873,1334625,,6.78322,,8.237549526,83.40662232,19.00416046,,31.80846977,74.354,
Lebanon,2002,3.423149828,,,9.973,,19.301,1.389375276,13.2854,2.552710056,17.10307564,1363504,,7,,6.975529146,79.40755057,11.11435384,,33.23994064,74.836,
Lebanon,2003,3.227098269,,,9.755,,19.028,1.379572825,23.61708337,,16.63418662,1393524,,8,,14.24105903,75.42762015,11.66594611,,33.00077057,75.275,
Lebanon,2004,6.679444616,7.85,,9.512,19.88,18.727,1.616971604,26.42477096,2.640949965,14.4495447,1425884,44.02,9,,8.973516095,75.30288777,12.19354397,,34.89773178,75.693,
Lebanon,2005,2.68577931,,,9.742,,19.428,1.549546607,22.90660806,2.646189928,14.54114593,1454597,,10.14,,12.20384959,67.26508495,11.82784324,,36.91551971,76.074,
Lebanon,2006,1.549515001,,,9.999,,20.188,1.69887292,23.62215088,2.779759884,14.52554216,1485356,,15,,12.14443813,69.55327413,9.297376921,,38.10554123,75.677,
Lebanon,2007,9.310622526,8.98,,10.142,22.1,20.801,1.938143808,23.23743305,2.583570004,13.72455493,1519312,43.4,18.74,3.047933191,13.5978269,71.50341477,6.906533194,,40.49169159,76.732,
Lebanon,2008,9.069128268,,,10.299,,20.612,1.663096479,24.65953737,2.014790058,13.39917191,1572230,,22.53,3.389122314,14.88051772,72.32981578,2.260586371,,41.77462006,76.956,
Lebanon,2009,10.23215558,6.355,,10.345,,20.273,1.349797119,21.35092515,1.765709996,12.90891432,1620024,46.11,30.14,8.236519182,13.56965891,68.5284835,-0.649418007,,41.89638901,77.262,1.195096712
Lebanon,2010,7.975135558,,,10.671,,20.353,0.976748359,17.9847876,1.613309979,12.21987078,1660698,,43.68,24.11672345,11.13279363,78.85897828,7.713429522,,42.17770311,77.529,3.983479419
Lebanon,2011,0.867339879,,,11.21,,20.706,1.079823792,17.22524954,1.652519941,12.56874459,1702075,,52,2.950564917,7.856939895,85.71905457,4.431035601,,45.53512183,77.768,4.971485717
Lebanon,2012,2.564791337,,,11.753,,21.034,2.704872967,15.15612595,2.14902997,13.66962396,1771730,,61.2498,2.291148064,7.068471662,85.98018285,-0.220386929,,44.93261176,77.941,6.581474477
Lebanon,2013,3.827873499,,,12.195,,21.215,9.254906493,16.14030013,2.433969975,12.92733628,1967961,,70.5,2.676250759,5.67636791,88.52940988,4.649984661,100.192763,48.30892133,78.037,4.821019563
Lebanon,2014,2.484060105,,,12.445,,21.162,9.992304727,14.95116463,,12.74596541,2201139,,73,2.521318968,5.951755286,94.32729626,7.161348674,,42.93534088,78.148,1.854604213
Lebanon,2015,0.462320793,,,12.812,,21.25,1.957695836,14.98280845,,12.53174443,2259873,,74,2.188724535,4.324691745,96.22535581,3.633832079,,39.29052423,78.275,-3.749145248
Lebanon,2016,1.554549409,,,13.176,,21.333,-2.335437494,14.87024406,2.178202708,12.98414909,2211422,,76.11,2.822545094,5.021740406,99.78988162,7.414932183,,42.50747715,78.306,-0.783359624
Lebanon,2017,0.903028464,,,13.52,,21.381,-2.610571165,13.31729631,2.216068444,13.20871798,2158877,,78.1808,3.291373821,4.75677914,102.1619469,5.396472991,100.7900081,44.18787725,78.192,4.321352183
Lebanon,2018,-1.884705756,,,13.898,,21.456,-2.898842971,12.70996191,2.616525123,15.336853,2102355,,80.9,2.354922116,4.84140309,,3.385546529,100.7334186,47.22962691,78.263,6.076989079
Lebanon,2019,-6.914924729,11.301,,14.323,23.316,21.57,-3.21837129,14.28309598,2.519572506,15.62978348,2042509,48.894,81.4812,3.891273528,3.69413245,,6.166022462,100.2060278,50.14839371,78.208,3.005389494
Lebanon,2020,-21.39989969,,,16.249,,24.76,-1.603862582,20.79143536,2.43541856,9.139754887,1949531,,82.0665,5.136512592,5.067129866,,,97.53279714,51.56773376,76.299,84.86433305
Lebanon,2021,-7.001238625,,,15.874,,23.53,0.275364168,27.4664868,,2.360136821,1884419,,82.656,2.154253145,2.592900684,,,97.96175117,56.86578614,73.65,154.756096
Lebanon,2022,-0.621678971,,,14.593,,21.419,0.460053063,30.65551638,1.331514276,3.625325085,1815347,,82.798,15.13321994,2.509661606,,,96.92346022,58.17611491,78.003,171.2054913
Lebanon,2023,-0.76058447,,,14.48,,21.311,0.503630954,33.34977305,1.504163611,5.169014412,1837294,,83.4933,4.302360784,3.264354674,,,,54.40125615,77.817,221.341644
Lebanon,2024,,,,,,,0.560805065,,1.2249087,,,,,2.895912769,,,,,,,45.24304227
Lebanon,2025,,,,,,,,,,,,,,,,,,,,,
Morocco,1960,,,,,,,,,,11.83431718,,47.2,,,,10.83519129,,,,41.73,3.424299065
Morocco,1961,,,,,,,2.599499115,,,12.77923868,,,,,,13.39381276,,,,43.694,1.763124605
Morocco,1962,,,,,,,2.663113414,,,12.12423274,,,,,,13.28683131,,,,44.226,5.096729081
Morocco,1963,,,,,,,2.613134909,,,12.71659097,,,,,,12.37450723,,,,44.768,5.699711687
Morocco,1964,,,,,,,2.523128865,,,13.06405063,,,,,,11.48224125,,,,45.346,4.021541474
Morocco,1965,,,,,,,2.603898421,,,11.99731903,,,,,,11.04557641,,,,45.922,3.48282122
Morocco,1966,,,,,,,2.667402537,,,12.70953559,,,,,,11.54850234,,,,46.495,-1.013579365
Morocco,1967,10.02884136,,,,,,2.692756703,,,12.45459263,,,,,,11.55941879,,,,47.099,-0.748276994
Morocco,1968,9.891739307,,,,,,2.682199268,,,12.80579885,,,,,,13.2180006,,,,47.659,0.436479069
Morocco,1969,8.362165357,,,,,,2.657153468,,,11.94869852,,,,,,11.3292386,,,,48.187,2.949891354
Morocco,1970,4.713460375,,,,,,2.64680544,,,12.0223765,,,,,0.505518206,10.58278807,,,,48.691,1.279181324
Morocco,1971,5.59689366,,,,,,2.595182536,,,12.31307668,,45.57,,,0.530221594,11.09635926,,,1.285019994,49.169,4.155352068
Morocco,1972,2.437237347,,,,,,2.527592583,,,12.3838081,,,,,0.256202185,11.98543585,,,1.278040051,49.706,3.759170557
Morocco,1973,3.559310832,,,,,,2.490454507,,4.671689987,11.66718677,,,,,0.087950524,13.28448276,,,1.604150057,50.22,4.084614036
Morocco,1974,5.596049944,,,,,,2.46577303,,4.275489807,12.03339296,,,,,-0.265781891,13.52668456,,,1.775789976,50.762,17.55682275
Morocco,1975,7.558221561,,,,,,2.461086749,5.932272694,5.212709904,16.09129109,,,,,0.055871809,15.56732855,,,2.28599,51.356,7.918289267
Morocco,1976,10.81278134,,,,,,2.438688976,5.708753649,6.027120113,21.67107376,,,,,0.396637976,16.21774955,,,2.929349899,52.048,8.502152443
Morocco,1977,6.059167679,,,,,,2.476030661,5.335503865,6.084249973,20.7552099,,,,,0.072345816,16.30982094,,,2.813329935,52.791,12.59700099
Morocco,1978,2.232663389,,,,,,2.535635203,5.765674388,6.20182991,20.79450267,,,,,0.088842155,15.92883562,,,4.046070099,53.554,9.71603275
Morocco,1979,4.793787205,,,,,,2.555127021,5.960382223,6.315480232,21.32553229,,,,,0.046741774,15.71932369,,,3.590349913,54.376,8.331365418
Morocco,1980,3.642164813,,,,,,2.625932559,4.8505055,5.104859829,17.82477187,,,,,0.411515549,12.90428534,,,,55.219,9.408379474
Morocco,1981,-1.743434931,,,,,,2.664390934,5.699643166,5.689260006,18.22513057,,,,,0.329327216,14.20143686,,,5.99503994,56.023,12.49252839
Morocco,1982,8.957372023,11.503,,,20.471,,2.641346025,4.801945154,6.122680187,17.93838742,,47.989,,,0.449507875,15.26247339,,,6.439350128,56.869,10.5278073
Morocco,1983,1.386569577,,,,,,2.599303733,5.642515861,6.174670219,16.47476223,,,,,0.28381309,16.14126452,,,5.621669769,57.685,6.207935389
Morocco,1984,6.418386321,,,,,,2.499666305,5.893735275,5.190130234,15.85152863,,,,,0.316966267,16.37237923,,,6.337920189,58.438,12.44756933
Morocco,1985,6.007652071,,,,,,2.380354913,6.487251717,5.102169991,17.19299823,,,,,0.13324521,15.1931677,,,,59.208,7.728638901
Morocco,1986,9.271105769,,,,,,2.177666985,7.191657241,5.259280205,17.74408626,,,,,0.002821807,,,,8.166740417,59.951,8.733559187
Morocco,1987,-0.325004076,14.7,,,,,1.987085697,7.30020223,5.162139893,18.43449414,,,,,0.273716354,,,,8.550860405,60.62,2.698739977
Morocco,1988,11.87523598,13.9,,,,,1.916642518,5.075381021,4.577819824,17.54975624,,,,,0.329354803,,,,9.297869682,61.231,2.369055055
Morocco,1989,2.846202581,16.3,,,,,1.85035032,5.079235891,4.757329941,17.34148322,,,,,0.634848536,,,,9.931119919,61.824,3.259969492
Morocco,1990,3.411812226,15.8,,,31.13,,1.805439979,6.647946642,4.510489941,15.69754935,7469841,49.59,0,,0.547127983,13.70633933,,85.34659239,10.67276001,62.396,6.782594015
Morocco,1991,7.216088154,16.98,,12.96,,16.068,1.722327256,6.164798564,4.303160191,15.5738196,7669496,,,,0.983294101,17.25389433,,81.28936024,10.54825974,62.919,7.986166008
Morocco,1992,-2.097738754,15.68,,13.164,,16.263,1.653473975,6.438378627,,16.46483369,7883614,,,,1.253209909,19.65811803,,88.06127363,10.27834034,63.388,5.740246629
Morocco,1993,-0.7405917,15.69,,13.341,,16.444,1.582332079,6.188784701,4.824969769,17.94025109,8100374,,,,1.552546867,21.18158033,,86.29583795,10.6426096,63.868,5.18311396
Morocco,1994,10.58800042,17.931,,13.224,31.862,16.44,1.496619805,5.132536947,,17.35291435,8304599,49.927,,,1.547360542,21.48780813,,87.46049887,10.7795496,64.346,5.14167153
Morocco,1995,-5.405447872,22.86,,13.364,,16.558,1.521422822,5.046083121,4.734809875,18.03488838,8538328,51.96,0.00371,,0.857714129,24.53418162,,88.34463002,11.26445007,64.725,6.123581648
Morocco,1996,12.37287627,17.76,,12.864,,16.229,1.536196064,5.017133612,,15.7972445,8744548,,0.00568,,0.828037046,24.06889659,,84.64968106,,65.226,2.986809228
Morocco,1997,-1.560702346,16.67,,13.348,,16.667,1.500284224,4.835029188,,17.01864626,8973540,,0.0216,,2.757090065,40.54118026,,89.25038366,11.55300999,65.616,1.038198951
Morocco,1998,7.238552677,19.12,,12.863,35.02,16.322,1.48926291,4.324174289,4.59939003,14.3046716,9186440,48.08,0.142,,0.663931271,37.52991801,,89.33750625,9.103520393,66.008,2.753113308
Morocco,1999,1.697061477,13.94,,13.291,20.49,16.725,1.457490483,4.189010667,4.62526989,15.40188699,9407654,54.38,0.176,,1.787417035,40.45960056,,88.02080383,9.544830322,66.404,0.684782609
Morocco,2000,2.582180915,13.58,,13.014,,16.777,1.403926301,5.023454684,,15.90164411,9622622,53.4,0.693791,,0.991581859,43.66101075,,90.13709913,10.14612007,66.794,1.894634568
Morocco,2001,7.721825196,12.46,,12.505,18.9,16.499,1.366971448,7.439676299,,16.10308185,9824822,51.27,1.37144,,6.444129284,38.133607,,94.80127264,10.50712967,67.2,0.619801875
Morocco,2002,3.730197375,11.59,,12.547,17.63,16.774,1.322138168,6.111563726,,15.82652487,9924141,50.69,2.37325,,1.020357578,37.03591754,,88.15746593,10.61684036,67.582,2.795619669
Morocco,2003,6.17110215,11.92,,13.004,17.02,15.906,1.270310816,6.227737749,,15.63229161,10130763,51.92,3.35337,,3.985619848,36.30302764,,91.41625178,11.04150009,67.958,1.167733675
Morocco,2004,4.571380165,10.83,,11.37,15.39,14.446,1.282190216,6.38416481,,16.14793301,10344794,52.61,11.6079,,1.351186477,36.59064158,,83.34307392,11.13580036,68.272,1.493444034
Morocco,2005,3.19224973,11.01,,11.563,15.7,14.353,1.343473016,6.66528635,,16.79347797,10570285,52.1,15.0844,,2.426354676,39.78454177,,86.81926987,11.69873047,68.748,0.98264166
Morocco,2006,7.79082001,9.67,,9.67,16.56,14.046,1.351365506,7.183838159,,16.13869446,10794828,35.95,19.7712,,3.242834977,41.96924851,,87.45848475,12.16536999,69.157,3.28476167
Morocco,2007,3.441067767,9.56,,9.427,15.58,12.891,1.340581014,7.740809625,,15.92180309,11012488,52.27,21.5,,3.249993323,50.4158079,,91.89761108,11.60391998,69.62,2.042085127
Morocco,2008,5.684539363,9.57,,9.784,18.25,15.976,1.338696045,6.770861229,4.853390217,15.23314732,11222651,50.59,33.1,,2.422135089,55.0588556,,89.61858386,12.63737011,70.051,3.714843115
Morocco,2009,3.745769401,8.96,,9.286,16.65,14.593,1.332600982,6.197538946,4.831190109,16.75084572,11317347,36.51,41.3,,1.947827443,58.04497022,,93.60503243,13.09867954,70.454,0.971862999
Morocco,2010,3.499557094,9.09,,9.491,17.62,15.863,1.352742862,6.367442176,,16.58693723,11402901,49.61,52,,1.229982458,61.68199596,,95.92709689,13.98964412,70.821,0.993557401
Morocco,2011,5.524645233,8.91,,10.246,17.92,17.305,1.36305169,6.591814385,,17.22104006,11491567,49.16,46.1075,,2.290468405,64.7617613,,95.43553284,15.85399773,71.263,0.90692491
Morocco,2012,3.062343685,8.99,,9.957,18.61,19.016,1.335971286,6.08571534,5.552948386,18.22795912,11505127,48.41,55.4161,,2.657587126,65.74378648,,103.803754,19.04722825,71.674,1.287122401
Morocco,2013,4.122212869,9.23,,9.572,19.13,18.076,1.287810153,5.945863432,,18.32857502,11668836,48.31,56,,2.90386264,62.86274101,,99.66103597,22.40689087,72.117,1.880654667
Morocco,2014,2.71924408,9.7,,10.287,19.94,17.553,1.227238741,6.537933356,5.482760366,19.10512115,11789129,48.06,56.7746,,2.959254355,63.03970145,,102.7875182,25.3112415,72.522,0.442310054
Morocco,2015,4.344582976,9.46,,10.415,20.8,21.355,1.170756399,6.252426913,5.133369044,18.15643728,11817289,47.47,57.08,3.703917088,2.946111084,58.39652293,,96.03665294,28.55191306,72.894,1.557907113
Morocco,2016,0.521185506,9.3,,10.693,22.24,22.672,1.194507263,5.721345591,5.085301974,18.36172571,11764216,46.55,58.2712,3.744987469,1.930005403,59.18966014,,94.92509663,32.09525792,73.228,1.635311143
Morocco,2017,5.057898162,,,10.629,,22.644,1.200343364,5.755836946,4.73564982,17.98197398,11672302,45.5,61.7622,3.863137613,2.260921961,58.22478357,,95.12793232,33.47354331,73.608,0.754663249
Morocco,2018,3.06564133,,,10.685,,22.895,1.103642101,5.433765974,4.960227135,17.99576151,11919387,,64.8039,4.018602192,2.783379368,57.7666059,,96.28682834,35.31918636,73.946,1.803916711
Morocco,2019,2.890974761,,,10.621,,22.964,1.030223159,5.400685747,5.003256721,18.17893657,12163466,,84.1204,4.853753882,1.334797896,58.81873593,,92.42728368,37.72120214,74.245,0.303386037
Morocco,2020,-7.178207442,,,12.219,,27.223,1.025654864,6.109530919,6.284282636,19.40498596,11894936,,84.1204,4.389071145,1.169073346,66.00824188,,90.73217034,39.68580476,73.133,0.705968661
Morocco,2021,8.154738898,12.28,,11.901,31.76,25.779,1.006918479,7.67928537,5.642734013,18.97383835,12266110,45.3,88.1303,4.30127636,1.594223214,61.81409662,,91.35570104,42.53196738,73.385,1.40195884
Morocco,2022,1.812692422,11.79,,11.046,32.65,23.128,1.008636227,8.511102571,5.912246741,18.94057842,12170356,44.3,89.9,4.498382084,1.748143237,63.69074933,,94.00201185,45.94002192,75.161,6.657042028
Morocco,2023,3.65564411,,,10.578,,22.532,1.021951812,8.045683883,6.020969288,18.15054167,12335833,,91,5.430705673,0.725864123,57.66171969,,93.64488051,47.46870393,75.313,6.091141525
Morocco,2024,3.79336516,,,10.76,,22.82,0.972827595,7.789590243,,17.95191505,12497271,,,,1.020477899,54.77407161,,,48.18396175,,0.985256592
Morocco,2025,,,,10.626,,22.592,,,,,12631464,,,,,,,,,,
Tunisia,1960,,,,,,,,,,,,,,,,,,,,44.049,
Tunisia,1961,,,,,,,1.141496016,,,,,,,,,21.81781517,,,,44.257,
Tunisia,1962,-4.590084506,,,,,,1.217182108,,,,,,,,,24.13884965,,,,45.562,
Tunisia,1963,-10.73399471,,,,,,1.318646657,,,,,,,,,25.27283644,,,,46.412,
Tunisia,1964,-4.675949858,,,,,,1.407178092,,,,,,,,,28.06158772,,,,47.272,
Tunisia,1965,-2.536692229,,,,,,1.58027801,,,15.18354795,,,,,,28.61983471,,,,48.204,
Tunisia,1966,3.454867893,,,,,,1.973262117,,,14.45562672,,44.94,,,,32.6863678,,,,49.158,
Tunisia,1967,0.16195247,,,,,,2.309250235,,,13.85964912,,,,,,34.85315789,,,,50.157,
Tunisia,1968,10.40972859,,,,,,2.467309393,,,17.13972087,,,,,,34.93084523,,,,51.342,
Tunisia,1969,4.747815404,,,,,,2.525234854,,,17.43945659,,,,,,34.60307147,,,,52.297,
Tunisia,1970,4.669631773,,,,,,2.500087545,,,16.8607729,,,,,1.111699312,33.72088407,,,,53.792,
Tunisia,1971,10.56019748,,,,,,2.506843929,,,15.660463,,,,,1.364853722,32.31706764,,,2.302629948,54.906,
Tunisia,1972,17.74271826,,,,,,2.531497142,,,14.57611241,,,,,1.474823326,31.08955504,,,2.367439985,56.095,
Tunisia,1973,-0.654643502,,,,,,2.573538523,,,15.14809346,,,,,2.12390932,34.37670459,,,2.221859932,57.115,
Tunisia,1974,8.074782334,,,,,,2.627723881,,,13.2252229,,,,,0.789651376,33.47099108,,,2.414609909,58.251,
Tunisia,1975,7.156099909,,,,,,2.683063732,,,14.61467785,,51.75,,,1.039509303,38.65171701,,,2.644320011,59.306,
Tunisia,1976,7.876852653,,,,,,2.665392469,3.155716618,,15.16295913,,,,,2.431453705,39.1818417,,,3.732660055,60.313,
Tunisia,1977,3.41109585,,,,,,2.615766365,3.285204266,,16.18230759,,,,,1.825113492,39.79209818,,,4.074200153,61.256,
Tunisia,1978,6.440473533,,,,,,2.462299259,3.703854288,,16.34928942,,,,,1.529852865,39.7344096,,,4.556379795,62.147,
Tunisia,1979,6.567521176,,,,,,2.30358298,3.935655597,,15.20876112,,,,,0.684461856,37.2301848,,,4.766059875,62.929,
Tunisia,1980,7.418739595,,,,,,2.293301542,3.643065768,5.235159874,14.46688321,,49.02,,,2.682877928,37.690185,,,4.812369823,63.669,
Tunisia,1981,5.514072829,,,,,,2.276116652,4.276788712,4.889359951,14.79336857,,,,,3.507927703,42.19483421,,,4.910170078,64.374,
Tunisia,1982,-0.493737604,,,,,,2.200408002,4.579131881,5.286049843,16.52235451,,,,,4.18366144,45.93060528,,,4.878550053,65.01,
Tunisia,1983,4.681917385,,,,,,2.079338701,4.304795674,5.457630157,16.91924984,,,,,2.205325622,47.18789365,,,4.86413002,65.696,
Tunisia,1984,5.748843263,,,,,,2.329456836,3.836315673,5.517449856,16.87043853,,50.77,,,1.372340501,47.15930073,,,4.844560146,66.294,8.9
Tunisia,1985,5.648573237,,,,,,2.595630173,3.22015369,5.539720058,17.04116381,,,,,1.282362082,49.59434621,,,5.077499866,66.877,7.2543618
Tunisia,1986,-1.446988414,,,,,,2.537050297,3.854532622,5.879489899,17.77554327,,,,,0.712250563,52.18177755,,,5.26846981,67.429,6.164383562
Tunisia,1987,6.701371096,,,,,,2.46513393,4.729129803,,16.94771819,,,,,0.94582597,49.98577527,,,5.068170071,68.011,8.225806452
Tunisia,1988,0.072159077,,,,,,2.340223569,4.930373478,,16.58314666,,,,,0.600420178,51.37492783,,,5.37071991,68.456,7.196969697
Tunisia,1989,1.746699128,16.13,,,30.83,,2.198016072,4.452602047,,17.26295373,,48.09,,,0.771645304,58.89190711,,,6.636300087,68.825,7.74088604
Tunisia,1990,7.949819437,,,,,,2.098246765,4.483467582,5.790860176,16.35677765,2547966,,0,,0.629908672,55.07633348,,-17.52889378,7.636670113,69.092,6.545293073
Tunisia,1991,3.904545303,,,17.374,,27.068,2.107702643,4.01184007,6.027470112,16.57106278,2629038,,,,0.959532829,53.7573324,,-31.45630311,8.36275959,69.398,8.193715095
Tunisia,1992,7.805728877,,,17.062,,26.973,2.102980615,3.429203765,5.754889965,16.00125494,2709741,,,,3.392722969,54.00472063,,-25.72420565,9.211529732,69.684,5.824345146
Tunisia,1993,2.189828861,,,17.373,,27.536,1.999995742,3.055310328,5.983769894,16.25792744,2794283,,,,3.846417427,53.9262361,,-6.9031212,10.39853954,69.992,3.974956319
Tunisia,1994,3.178411322,,,17.421,,27.785,1.796141204,4.021803003,6.176469803,16.32877613,2876850,48.41,0.00738,,2.763408719,53.81392202,,4.375927192,11.02460957,70.363,4.73323064
Tunisia,1995,2.351669851,,,17.721,,28.644,1.571124831,3.770663542,6.429759979,16.28918941,2955693,,0.0112,,1.530549276,54.38617037,,2.062178042,11.47889042,70.785,6.244150287
Tunisia,1996,7.146080968,,,17.46,,28.747,1.443200568,3.755315687,6.287809849,15.55099836,3034707,,0.0276,,1.2168062,49.15762366,,-0.535727641,12.33485031,71.247,3.725144727
Tunisia,1997,5.440943501,15.94,,17.345,31.85,29.055,1.355438785,3.299422805,6.679029942,16.337596,3114488,48.63,0.0437,,1.651890678,45.93822189,,0.578945762,13.08724022,71.67,3.652026207
Tunisia,1998,4.783762478,,,16.87,,28.417,1.269830911,3.294733662,,16.42855704,3166879,,0.108,,2.984593697,46.48990031,,-0.927893891,14.46642971,72.067,3.125365797
Tunisia,1999,6.054634479,15.21,,16.579,,28.007,1.190744383,3.317925617,6.270989895,16.27473747,3218934,,1.6,,1.513826527,46.48810617,,8.511063536,16.05459976,72.344,2.690124858
Tunisia,2000,4.709972914,14.94,,16.108,,27.277,1.122225591,3.70667247,6.201960087,16.67119667,3270136,,2.75074,,3.496027471,53.39780657,,11.13384741,18.24727058,72.604,2.962307947
Tunisia,2001,3.796271662,14.4,,15.565,,26.404,1.06692196,4.20173772,6.201849937,16.57164277,3319983,,4.29797,,2.046216975,49.59691379,,21.3593977,20.59634018,72.822,1.983333333
Tunisia,2002,1.322557148,14.55,,15.741,,26.679,1.026540082,4.625058184,5.790060043,17.22672729,3367629,,5.25289,,3.415072206,50.61047319,,20.19383588,22.05709076,73.07,2.721032849
Tunisia,2003,4.702399533,14.51,,16.207,,27.514,0.999023084,4.554011464,6.81675005,17.20115794,3412860,33.2,6.49085,,1.965046476,49.51270986,,24.90472861,25.97429085,73.304,2.712592475
Tunisia,2004,6.235790722,14.23,,16.314,,27.798,0.934209359,4.590034314,6.720789909,16.92238372,3455889,,8.52882,,1.898889497,49.54991849,,23.55841136,28.32205009,73.519,3.63228005
Tunisia,2005,3.486545543,12.872,,15.173,28.186,25.955,0.874656406,4.315396183,6.451570034,16.91934752,3495960,45.499,9.65509,,2.208449195,49.99781647,,21.24806838,30.42634964,73.712,2.017786414
Tunisia,2006,5.244099832,12.51,,15.159,27.657,26.961,0.882818284,4.392628759,6.438799858,16.70899244,3585831,45.637,12.9864,,9.424733697,48.53597357,,27.25102124,31.58846092,73.888,3.225253374
Tunisia,2007,6.709520975,12.365,,15.173,27.873,26.761,0.916799635,4.408947103,6.464519978,16.64109737,3653322,45.859,17.1,,3.893951599,47.95322633,,15.43796517,32.14168167,74.039,2.966944325
Tunisia,2008,4.237781475,12.444,,15.957,28.391,27.807,0.961991588,4.407019422,6.271570206,16.13259229,3722463,46.166,27.53,5.55706131,5.797386196,48.45600789,,23.5144207,33.58274841,74.192,4.345028076
Tunisia,2009,3.043450124,13.29,,18.814,30.894,30.516,1.01963219,4.520665608,6.528480053,16.63116168,3800334,46.511,34.07,6.837577205,3.50988118,49.92723604,,19.06841871,35.30818176,74.32,3.664903306
Tunisia,2010,2.971132751,13.049,,18.987,29.394,32.686,1.076732866,4.465416983,5.963069916,15.15364473,3870527,46.892,36.8,8.002039258,2.888142318,52.20073232,,20.13278085,36.04253006,74.438,3.338979636
Tunisia,2011,-2.046633895,18.334,,27.443,42.267,45.365,1.108961271,4.165337212,,16.43109634,3932836,47.193,39.1,8.302148074,0.899077535,57.889054,,25.56558337,35.94279861,74.471,3.24002842
Tunisia,2012,4.216677115,17.63,,25.673,37.627,42.128,1.129111331,4.788938884,5.950860023,16.65698509,4026524,47.776,41.4416,7.042360308,3.28518934,57.80890077,,29.38219949,36.06930923,74.599,4.611844322
Tunisia,2013,2.429930964,15.934,,23.056,34.74,37.511,1.189251093,4.704716774,,17.30276167,4026064,47.424,43.8,6.421736052,2.174412807,57.91723382,,33.2000055,34.21300888,74.674,5.316235313
Tunisia,2014,3.090328031,14.259,,21.57,36.789,39.969,1.186033545,4.6678665,,17.3282153,4050207,41.874,46.16,6.765413034,2.038427469,59.76783922,,39.15072329,33.72523117,74.784,4.625550995
Tunisia,2015,0.967834206,15.159,,22.236,35.038,37.406,1.128719734,4.306241941,6.220449924,17.9055747,4077612,47.065,46.5,7.785429726,2.119992606,60.09659313,,45.18260449,33.37385178,74.875,4.437371273
Tunisia,2016,1.117231964,15.557,,23.501,34.895,38.105,1.102539116,4.105600448,,18.71925732,4133705,47.165,49.6,7.855967515,1.403445586,62.20916447,,47.55480461,31.21281052,75.007,3.629399374
Tunisia,2017,2.252614376,15.33,,22.676,34.874,37.5,1.051160255,4.483318057,,19.12451047,4149640,46.975,55.5002,7.389752594,1.923312568,64.71590586,,52.36213843,30.92774963,75.177,5.308848396
Tunisia,2018,2.606969654,15.459,,22.773,,36.073,0.982378425,3.979920856,,18.38802324,4284730,,64.1908,6.764499904,2.32248035,63.48659474,,54.46107628,30.95947075,75.37,7.30759176
Tunisia,2019,1.55009305,17.153,,25.276,37.921,38.47,0.926946082,4.269805218,6.173732404,18.81648509,4418079,48.934,66.7,6.885857351,1.9448765,59.25508391,,57.84013778,31.44108963,75.599,6.720075329
Tunisia,2020,-8.975126229,,,24.607,,41.561,0.830022186,5.367062861,7.265075455,21.63535201,4082144,,68.5564,7.648322245,1.466343049,67.61491749,,55.32361776,32.51819992,75.004,5.634151159
Tunisia,2021,4.736036482,,,22.357,,38.901,0.620790375,6.303394406,6.679846562,20.80632728,4089131,,68.3155,7.168311184,1.162893014,64.6050165,,53.30718906,33.27402878,72.893,5.706350208
Tunisia,2022,2.75228761,15.3,,20.155,37.802,36.566,0.585173209,6.246506687,6.804989607,20.36925085,4232595,45.815,70.5532,7.189886086,1.431591999,65.96743132,,53.1400289,37.12768936,76.05,8.306461244
Tunisia,2023,0.184015548,15.106,,20.453,38.513,36.303,0.666925035,5.958119833,6.733988563,19.41879522,4220581,45.394,72.3542,7.701107443,1.463513338,62.69223253,,,38.12194824,76.508,9.328995975
Tunisia,2024,1.61444565,,,20.72,,36.595,0.626519257,6.344870138,,18.93727239,4241942,,,,1.479773658,60.57177582,,,,,7.206616572
Tunisia,2025,,,,20.415,,35.98,,,,,4268286,,,,,,,,,,
,avg,4.270346553,12.01955405,14.68613793,17.63035838,27.46472368,33.50084971,2.340356071,9.749669683,4.567468043,16.71567246,8765688.135,44.86845736,32.00185842,3.988709982,2.830637318,44.53088948,4.435582442,48.84040572,23.53224596,65.05157813,22.42074458
,std,6.124465874,4.323855525,2.842853606,5.896817421,8.101927469,13.72097105,1.586136987,6.646958857,1.475771118,4.825924482,9619255.584,5.04889253,29.99118585,3.527766148,3.41195571,22.74832332,7.473560179,52.83578389,13.98684255,9.369086428,31.60150552
,min,-42.45111822,1.53,6.6,9.286,15.254,12.891,-3.21837129,2.627839212,1.2249087,2.360136821,784076,27.35,0,0.504375385,-0.59839699,10.26770078,-28.9859086,-67.70447128,1.278040051,36.436,-3.749145248
,max,49.44737918,22.86,19.837,32.183,43.738,60.502,9.992304727,33.34977305,7.476910114,34.31043257,36106369,54.38,92.5344,24.11672345,23.53729134,102.1619469,23.06925464,104.6874106,58.17611491,78.306,221.341644
